"title","type","aliases","issn"
"Academy of Management Journal","journal","Acad. Manage. J.","0001-4273;1948-0989"
"ACS Nano","journal","ACS Nano","1936-0851;1936-086X"
"Acta Biomaterialia","journal","Acta Biomater.","1742-7061;1878-7568"
"Advanced Functional Materials","journal","Adv. Funct. Mater.","1616-301X;1616-3028"
"Advanced Materials","journal","Adv. Mater.","0935-9648;1521-4095"
"American Economic Review","journal","Am. Econ. Rev.","0002-8282;1944-7981"
"American Journal of Clinical Nutrition","journal","Am. J. Clin. Nutr.","0002-9165;1938-3207"
"American Journal of Epidemiology","journal","Am. J. Epidemiol.","0002-9262;1476-6256"
"American Journal of Human Genetics","journal","Am. J. Hum. Genet.","0002-9297;1537-6605"
"American Journal of Obstetrics and Gynecology","journal","Am. J. Obstet. Gynecol.","0002-9378;1097-6868"
"American Journal of Pathology","journal","Am. J. Pathol.","0002-9440;1525-2191"
"American Journal of Political Science","journal","","0092-5853;1540-5907"
"American Journal of Respiratory and Critical Care Medicine","journal","Am. J. Respir. Crit. Care Med.","1073-449X;1535-4970"
"American Journal of Sociology","journal","Am. J. Sociol.","0002-9602;1537-5390"
"American Political Science Review","journal","","0003-0554;1537-5943"
"American Sociological Review","journal","Am. Sociol. Rev.","0003-1224;1939-8271"
"Analytical Chemistry","journal","Anal. Chem.","0003-2700;1520-6882"
"Anesthesiology","journal","Anesthesiology","0003-3022;1528-1175"
"Angewandte Chemie International Edition","journal","Angew. Chem. Int. Ed.","1433-7851;1521-3773"
"Annals of Emergency Medicine","journal","Ann. Emerg. Med.","0196-0644;1097-6760"
"Annals of Family Medicine","journal","Ann. Fam. Med.","1544-1709;1544-1717"
"Annals of Internal Medicine","journal","Ann. Intern. Med.","0003-4819;1539-3704"
"Annals of Mathematics","journal","Ann. Math.","0003-486X;1939-8980"
"Annals of Neurology","journal","Ann. Neurol.","0364-5134;1531-8249"
"Annals of Surgery","journal","Ann. Surg.","0003-4932;1528-1140"
"Annals of the Rheumatic Diseases","journal","Ann. Rheum. Dis.","0003-4967;1468-2060"
"Applied Energy","journal","Appl. Energy","0306-2619;1872-9118"
"Applied Physics Letters","journal","Appl. Phys. Lett.","0003-6951;1077-3118"
"Archives of Physical Medicine and Rehabilitation","journal","Arch. Phys. Med. Rehabil.","0003-9993;1532-821X"
"Arthritis & Rheumatology","journal","","2326-5191;2326-5205"
"Astronomy & Astrophysics","journal","Astron. Astrophys.","0004-6361;1432-0746"
"Blood","journal","Blood","0006-4971;1528-0020"
"Brain","journal","Brain","0006-8950;1460-2156"
"British Journal of Surgery","journal","Br. J. Surg.",""
"Cancer Cell","journal","Cancer Cell","1535-6108;1878-3686"
"Cancer Research","journal","Cancer Res.","0008-5472;1538-7445"
"Cell","journal","Cell","0092-8674;1097-4172"
"Cell Host & Microbe","journal","Cell Host Microbe","1931-3128;1934-6069"
"Cell Metabolism","journal","Cell Metab.","1550-4131;1932-7420"
"Cell Stem Cell","journal","Cell Stem Cell","1875-9777;1934-5909"
"Chemical Communications","journal","Chem. Commun.","1359-7345;1364-548X"
"Chemical Science","journal","Chem. Sci.","2041-6520;2041-6539"
"Chest","journal","Chest","0012-3692;1931-3543"
"Circulation","journal","Circulation","0009-7322;1524-4539"
"Cities","journal","","0264-2751;1873-6084"
"Clinical Infectious Diseases","journal","Clin. Infect. Dis.","1058-4838;1537-6591"
"Computers & Education","journal","","0360-1315;1873-782X"
"Computers in Human Behavior","journal","Comput. Hum. Behav.","0747-5632;1873-7692"
"Critical Care Medicine","journal","Crit. Care Med.","0090-3493;1530-0293"
"Current Biology","journal","Curr. Biol.","0960-9822;1879-0445"
"Developmental Cell","journal","Dev. Cell","1534-5807;1878-1551"
"Diabetes Care","journal","Diabetes Care","0149-5992;1935-5548"
"Earth and Planetary Science Letters","journal","Earth Planet. Sci. Lett.","0012-821X;1385-013X"
"Ecology Letters","journal","Ecol. Lett.","1461-023X;1461-0248"
"Econometrica","journal","Econometrica","0012-9682;1468-0262"
"Energy","journal","","0360-5442;1873-6785"
"Energy & Environmental Science","journal","Energy Environ. Sci.","1754-5692;1754-5706"
"Environmental Health Perspectives","journal","Environ. Health Perspect.","0091-6765;1552-9924"
"Environmental Pollution","journal","Environ. Pollut.","0269-7491;1873-6424"
"Environmental Research","journal","Environ. Res.","0013-9351;1096-0953"
"Environmental Science and Technology","journal","Environ. Sci. Technol.","0013-936X;1520-5851"
"European Heart Journal","journal","Eur. Heart J.","0195-668X;1522-9645"
"European Physical Journal C","journal","","1434-6044;1434-6052"
"European Urology","journal","Eur. Urol.","0302-2838;1873-7560"
"Gastroenterology","journal","Gastroenterology","0016-5085;1528-0012"
"Genes & Development","journal","Genes Dev.","0890-9369;1549-5477"
"Genome Research","journal","Genome Res.","1088-9051;1549-5469"
"Geochimica et Cosmochimica Acta","journal","Geochim. Cosmochim. Acta","0016-7037;1872-9533"
"Geology","journal","","0091-7613;1943-2682"
"Geophysical Research Letters","journal","Geophys. Res. Lett.","0094-8276;1944-8007"
"Gut","journal","","0017-5749;1468-3288"
"Hepatology","journal","Hepatology","0270-9139;1527-3350"
"Higher Education","journal","","0018-1560;1573-174X"
"Human Reproduction","journal","Hum. Reprod.","0268-1161;1460-2350"
"IEEE/RSJ International Conference on Intelligent Robots and Systems (IROS)","conference","",""
"Immunity","journal","Immunity","1074-7613;1097-4180"
"Inorganic Chemistry","journal","Inorg. Chem.","0020-1669;1520-510X"
"International Journal of Epidemiology","journal","Int. J. Epidemiol.","0300-5771;1464-3685"
"International Journal of Obesity","journal","Int. J. Obes.","0307-0565;1476-5497"
"Inventiones mathematicae","journal","Invent. Math.","0020-9910;1432-1297"
"JAMA Internal Medicine","journal","JAMA Intern. Med.","2168-6106;2168-6114"
"JAMA Pediatrics","journal","","2168-6203;2168-6211"
"JAMA Psychiatry","journal","","2168-622X;2168-6238"
"JAMA Surgery","journal","","2168-6254;2168-6262"
"JAMA: The Journal of the American Medical Association","journal","JAMA, J. Am. Med. Assoc.","0098-7484;1538-3598"
"Journal of Biological Chemistry","journal","J. Biol. Chem.","0021-9258;1083-351X"
"Journal of Bone and Joint Surgery-American Volume","journal","J. Bone Joint Surg. Am.","0021-9355;1535-1386"
"Journal of Cell Biology","journal","J. Cell Biol.","0021-9525;1540-8140"
"Journal of Cleaner Production","journal","J. Cleaner Prod.","0959-6526;1879-1786"
"Journal of Clinical Endocrinology & Metabolism","journal","J. Clin. Endocrinol. Metab.","0021-972X;1945-7197"
"Journal of Clinical Investigation","journal","J. Clin. Invest.","0021-9738;1558-8238"
"Journal of Clinical Oncology","journal","J. Clin. Oncol.","0732-183X;1527-7755"
"Journal of Experimental Medicine","journal","J. Exp. Med.","0022-1007;1540-9538"
"Journal of Financial Economics","journal","","0304-405X"
"Journal of Geophysical Research: Atmospheres","journal","J. Geophys. Res.: Atmos.","2169-897X;2169-8996"
"Journal of Geophysical Research: Solid Earth","journal","J. Geophys. Res.: Solid Earth","2169-9313;2169-9356"
"Journal of Hepatology","journal","J. Hepatol.","0168-8278;1600-0641"
"Journal of High Energy Physics","journal","J. High Energy Phys.","1029-8479"
"Journal of Infectious Diseases","journal","J. Infect. Dis.","0022-1899;1537-6613"
"Journal of Neuroscience","journal","J. Neurosci.","0270-6474;1529-2401"
"Journal of Physiology","journal","J. Physiol.",""
"Journal of Political Economy","journal","","0022-3808;1537-534X"
"Journal of the American Academy of Child and Adolescent Psychiatry","journal","J. Am. Acad. Child Adolesc. Psychiatry","0890-8567;1527-5418"
"Journal of the American Academy of Dermatology","journal","J. Am. Acad. Dermatol.","0190-9622;1097-6787"
"Journal of the American Chemical Society","journal","J. Am. Chem. Soc.","0002-7863;1520-5126"
"Journal of the American College of Cardiology","journal","J. Am. Coll. Cardiol.",""
"Journal of the American Geriatrics Society","journal","J. Am. Geriatr. Soc.","0002-8614;1532-5415"
"Journal of the American Society of Nephrology","journal","J. Am. Soc. Nephrol.","1046-6673;1533-3450"
"Journal of the National Cancer Institute","journal","J. Natl. Cancer Inst.",""
"Journal of the Royal Statistical Society Series B: Statistical Methodology","journal","J. R. Stat. Soc. B;J. R. Stat. Soc. Ser. B. Stat. Methodol.","1369-7412;1467-9868"
"Journal of Thoracic and Cardiovascular Surgery","journal","J. Thorac. Cardiovasc. Surg.","0022-5223;1097-685X"
"Kidney International","journal","Kidney Int.","0085-2538;1523-1755"
"Macromolecules","journal","Macromolecules","0024-9297;1520-5835"
"Management Science","journal","Manage. Sci.","0025-1909;1526-5501"
"Molecular Cell","journal","Mol. Cell","1097-2765;1097-4164"
"Molecular Psychiatry","journal","Mol. Psychiatry","1359-4184;1476-5578"
"Monthly Notices of the Royal Astronomical Society","journal","Mon. Not. R. Astron. Soc.","0035-8711;1365-2966"
"Monthly Notices of the Royal Astronomical Society: Letters","journal","Mon. Not. R. Astron. Soc. Lett.",""
"Nano Letters","journal","Nano Lett.","1530-6984;1530-6992"
"Nature","journal","Nature","0028-0836;1476-4687"
"Nature Biotechnology","journal","Nat. Biotechnol.","1087-0156;1546-1696"
"Nature Cell Biology","journal","Nat. Cell Biol.","1465-7392;1476-4679"
"Nature Chemical Biology","journal","Nat. Chem. Biol.","1552-4450;1552-4469"
"Nature Chemistry","journal","Nat. Chem.","1755-4330;1755-4349"
"Nature Climate Change","journal","Nat. Clim. Change","1758-678X;1758-6798"
"Nature Communications","journal","Nat. Commun.","2041-1723"
"Nature Energy","journal","Nat. Energy","2058-7546"
"Nature Genetics","journal","Nat. Genet.","1061-4036;1546-1718"
"Nature Geoscience","journal","Nat. Geosci.","1752-0894;1752-0908"
"Nature Human Behaviour","journal","Nat. Hum. Behav.","2397-3374"
"Nature Immunology","journal","Nat. Immunol.","1529-2908;1529-2916"
"Nature Materials","journal","Nat. Mater.","1476-1122;1476-4660"
"Nature Medicine","journal","Nat. Med.","1078-8956;1546-170X"
"Nature Methods","journal","Nat. Methods","1548-7091;1548-7105"
"Nature Nanotechnology","journal","Nat. Nanotechnol.","1748-3387;1748-3395"
"Nature Neuroscience","journal","Nat. Neurosci.","1097-6256;1546-1726"
"Nature Photonics","journal","Nat. Photonics","1749-4885;1749-4893"
"Nature Physics","journal","Nat. Phys.","1745-2473;1745-2481"
"Nature Structural & Molecular Biology","journal","Nat. Struct. Mol. Biol.","1545-9985;1545-9993"
"Nature Sustainability","journal","Nat. Sustainability","2398-9629"
"Neuron","journal","Neuron","0896-6273;1097-4199"
"Ophthalmology","journal","Ophthalmology","0161-6420;1549-4713"
"Organic Letters","journal","Org. Lett.","1523-7052;1523-7060"
"Physical Review A","journal","Phys. Rev. A","2469-9926;2469-9934"
"Physical Review B","journal","Phys. Rev. B","2469-9950;2469-9969"
"Physical Review D","journal","Phys. Rev. D","2470-0010;2470-0029"
"Physical Review Letters","journal","Phys. Rev. Lett.","0031-9007;1079-7114"
"Physical Review X","journal","Phys. Rev. X","2160-3308"
"Plant Biotechnology Journal","journal","Plant Biotechnol. J.","1467-7644;1467-7652"
"PLOS Biology","journal","PLOS Biol.","1544-9173;1545-7885"
"PLOS Genetics","journal","PLOS Genet.","1553-7404"
"PLOS Medicine","journal","PLoS Med.","1549-1277;1549-1676"
"Proceedings of the National Academy of Sciences of the United States of America","journal","Proc. Natl. Acad. Sci. U. S. A.","0027-8424;1091-6490"
"Proceedings of the Royal Society B","journal","Proc. R. Soc. B",""
"Radiology","journal","Radiology","0033-8419;1527-1315"
"Science","journal","Science","0036-8075;1095-9203"
"Science Advances","journal","Sci. Adv.","2375-2548"
"Science Translational Medicine","journal","Sci. Transl. Med.","1946-6234;1946-6242"
"Sustainable Cities and Society","journal","Sustainable Cities Soc.","2210-6707;2210-6715"
"The Astrophysical Journal Letters","journal","Astrophys. J. Lett.","2041-8205;2041-8213"
"The BMJ","journal","",""
"The EMBO Journal","journal","EMBO J.","0261-4189;1460-2075"
"The ISME Journal: Multidisciplinary Journal of Microbial Ecology","journal","",""
"The Journal of Allergy and Clinical Immunology","journal","J. Allergy Clin. Immunol.","0091-6749;1097-6825"
"The Journal of Physical Chemistry Letters","journal","J. Phys. Chem. Lett.","1948-7185"
"The Lancet","journal","Lancet","0140-6736;1474-547X"
"The Lancet Diabetes & Endocrinology","journal","Lancet Diabetes Endocrinol.","2213-8587;2213-8595"
"The Lancet Global Health","journal","","2214-109X"
"The Lancet Neurology","journal","Lancet Neurol.","1474-4422;1474-4465"
"The Lancet Oncology","journal","Lancet Oncol.","1470-2045;1474-5488"
"The Lancet Psychiatry","journal","","2215-0366;2215-0374"
"The New England Journal of Medicine","journal","N. Engl. J. Med.","0028-4793;1533-4406"
"The Plant Cell","journal","Plant Cell","1040-4651;1532-298X"
"The Quarterly Journal of Economics","journal","","0033-5533;1531-4650"
"The Review of Economic Studies","journal","Rev. Econom. Stud.","0034-6527;1467-937X"
"Thorax","journal","Thorax","0040-6376;1468-3296"
"Water Research","journal","Water Res.","0043-1354;1879-2448"
"World Development","journal","","0305-750X;1873-5991"
